,Positif Harian (Jakarta),Vaksinasi 1(Tenaga Kesehatan),Vaksinasi 2(Tenaga Kesehatan),Persentase 1(Tenaga Kesehatan),Persentase 2(Tenaga Kesehatan),Vaksinasi 1(Lansia),Vaksinasi 2(Lansia),Persentase 1(Lansia),Persentase 2(Lansia),Vaksinasi 1(Pelayan Publik),Vaksinasi 2(Pelayan Publik),Persentase 1(Pelayan Publik),Persentase 2(Pelayan Publik),Vaksinasi 1(Total),Vaksinasi 2(Total),Persentase 1(Total),Persentase 2(Total)
0,487,122326,106437,1.089269018,0.9477831898,496569,124880,0.5447039427,0.1369852495,796248,349648,0.4028052006,0.1768796063,1415143,580965,0.4716060212,0.1936105341
1,862,122553,106800,1.091290371,0.9510155742,500370,142698,0.5488733929,0.1565304383,813740,369813,0.4116540374,0.1870806579,1436663,619311,0.4787777074,0.2063895992
2,1239,123061,107175,1.095813929,0.9543548143,507667,148824,0.5568777279,0.1632502624,844961,388298,0.427448088,0.1964318325,1475689,644297,0.4917833871,0.2147163535
3,1013,123387,107509,1.098716841,0.9573289641,516816,166705,0.5669135867,0.1828645581,866503,402918,0.438345735,0.2038277846,1506706,677132,0.5021200131,0.2256588404
4,977,123474,107573,1.099491545,0.9578988611,523861,173234,0.5746414942,0.1900264471,880884,406805,0.4456207819,0.2057941366,1528219,687612,0.5092893665,0.2291513716
5,1031,123485,107583,1.099589496,0.9579879075,526687,177883,0.5777414327,0.1951260982,887215,412014,0.4488235023,0.2084292607,1537387,697480,0.5123446648,0.2324399496
