,Positif Harian (Jakarta),Tes Harian,Positif Harian,Positivity Rate Harian
0,487,4373,75,0.01715069746
1,862,3665,74,0.02019099591
2,1239,4306,96,0.02229447283
3,1013,4619,104,0.02251569604
4,977,4081,65,0.01592746876
5,1031,2550,59,0.0231372549
